[
  {
    "nome": "São Francisco de Assis",
    "data_festa": "04/10",
    "titulo": "Padroeiro dos animais e do meio ambiente",
    "pais_origem": "Itália",
    "imagem": "https://upload.wikimedia.org/wikipedia/commons/thumb/4/4f/StFrancis.jpg/220px-StFrancis.jpg"
  },
  {
    "nome": "Santa Teresinha do Menino Jesus",
    "data_festa": "01/10",
    "titulo": "Padroeira das missões",
    "pais_origem": "França",
    "imagem": "https://upload.wikimedia.org/wikipedia/commons/thumb/0/0e/Teresa_de_Lisieux.jpg/220px-Teresa_de_Lisieux.jpg"
  },
  {
    "nome": "Santo Antônio",
    "data_festa": "13/06",
    "titulo": "Padroeiro dos pobres e casamentos",
    "pais_origem": "Portugal",
    "imagem": "https://upload.wikimedia.org/wikipedia/commons/thumb/b/b2/Santo_Ant%C3%B4nio_de_Lisboa.jpg/220px-Santo_Ant%C3%B4nio_de_Lisboa.jpg"
  }
]
